x1,x2,x3,y
-1.0,-1.0,0.17678394608534487,8.459009138086639
0.21773247716627542,-0.13765413409773308,-0.014388226276487837,0.8110383253633586
0.37792750921607277,-0.5481584147839553,0.3992657100227188,0.74062352418734
-0.8606047258271028,1.0,-0.9633171600130945,6.176562251180264
0.10120420795849316,-0.23678020837372382,-0.6998447587653842,0.8788963028334873
1.0,-0.06500628110694318,0.6608809004791922,7.614435521156419
-0.5529103941618976,0.6771967374955707,-0.6372605725791578,-1.7774074251064003
-0.9090838845023343,-0.8220089918612712,0.2619059883138328,4.8502328101402865
-1.0,-0.26202105380344465,-0.664533846579556,-0.655257863065836
-1.0,-0.7704330667866974,-0.12763720787174493,2.589287519579087
0.08086787133961071,-1.0,0.7440384184783935,-1.070512599684312
0.2990542525886388,0.5337859199973116,0.9245455403419442,1.6680858034864308
-0.1412949522157787,-0.9637328565121954,-1.0,-14.18286740831707
-0.5158901684241013,-0.5335218633075218,-1.0,-2.395238773193337
-0.24647626690571234,1.0,-0.9909426247313118,2.9494747593690835
0.0074121776390054794,-0.2430283326599001,0.15930538719348175,0.32573370829651477
1.0,-0.6819174652717355,-0.19790642677728054,2.3550000037221404
1.0,-0.49506508082436573,0.49060464268042403,5.654985406204108
-0.9800129162769671,0.07974883318630055,0.27578269897523033,-4.7840940665391685
0.19970033554061373,0.2400200696247412,1.0,0.9725287898883461
-0.5369545523656176,0.7107823743577364,0.9493134560616145,6.081343281654583
1.0,0.7692766659161716,1.0,25.736213332834357
-0.041189945909616776,-1.0,-0.042430713013220656,2.829920196337789
0.156613036563366,0.05574306530382467,-0.8347867650695693,0.506275837376376
-0.6351799291636133,1.0,1.0,16.80281262156291
0.3389504304305,0.5443649124438623,1.0,3.428020219582477
0.40844729604221097,0.3196426655283118,0.04776256403093515,1.4040673302098683
-0.8401563348708225,0.2547021174054349,1.0,3.1736523203329945
0.17513013293084256,0.025124875502867017,0.642825376547189,0.12307223569845777
0.32207170389405015,-0.8610722570369316,-0.4466489231133375,0.8227477956571717
-0.3572788041718704,-0.0743651217676915,-0.7500542877919498,-0.5048217380615858
1.0,-1.0,-0.8939576764923005,-21.852333351434606
-0.0859540029528818,0.15945573723051054,-0.527696375699199,0.7689407574950295
1.0,-0.6184396138303976,-0.6044156233590134,3.728537470037266
1.0,0.3260531471066368,1.0,18.833578732774583
-0.6040080427030163,0.5309840912157873,-1.0,-1.293444685656243
-0.8350604661832386,-0.8516530565508891,0.5327870814049838,5.407228651559021
0.2844469329242014,-1.0,-1.0,-20.106840547386533
-0.1272501723366346,-0.3186398560664163,0.3529133067067234,0.06844386507262712
-1.0,-0.18546971908450827,-1.0,8.274586448098248
0.8121875228336828,0.08641970403920185,0.05959280583393545,2.5182226303488044
0.9624525359176175,-0.41403641647078815,-1.0,0.7962062431823945
0.13504312837909693,-0.7297443435878659,-0.7655368185302851,-1.3902065637031131
1.0,0.741846106844164,0.2769016728604621,8.257839845910576
-1.0,0.8904135479632251,1.0,14.227839803439585
-1.0,-1.0,0.7951229907269979,17.34084492169054
0.6518534089437469,-0.6376907079973311,0.7480705093126052,0.8866467026709112
-0.302027221280863,-0.432720214799847,1.0,-0.3573907224340146
-0.13021334561331033,0.5148029650084915,0.7258455260728434,0.18958015016154073
1.0,0.02443541192002585,0.03432617919852521,5.516821200771215
-1.0,-0.6048228816314001,0.0827278851766744,-0.6560293809506056
0.46741305861287374,1.0,-1.0,7.011208874324308
-0.15393337357345094,0.9037555283969307,0.2796848301341113,4.12627047986408
0.7411712921450218,-0.027200404562689906,0.3783700258426752,2.0262133188290656
-0.20907418084561868,0.22831315435864674,-1.0,-2.7198286949948383
-0.19035734854538355,-0.2890756777830965,-0.49029294762924613,0.7758806613338978
-1.0,1.0,-0.03710106613185116,8.325603734287819
-1.0,-0.9838538832857691,1.0,21.856680325359648
0.898725641712111,0.08380154235803161,0.15348177535833796,3.0920006568304155
-1.0,-0.1685343321608801,-0.5007512174437774,-2.056662158129263
-0.11777540862947866,-0.1005686766987135,0.5954783307470093,0.2585416980819188
-0.10222177832750745,-0.47478014738712626,-0.422808726637832,0.7424369182613151
-0.5989116417948162,-1.0,0.2918801074590327,4.632631678006157
0.21907029976300363,1.0,-0.07397835599890068,7.8536706479189755
0.44920071589818433,0.37780192155676695,-0.6498518952704304,1.0471528440201365
-0.9587103619092197,0.9692308610345888,-0.1300668143497381,5.379309308324734
-0.8638212491467745,-0.05861419940746049,-0.5797270975514079,-0.10362915968939534
0.3833704995232057,0.8441473417035312,-1.0,-1.3804868597279603
0.5366440313010825,-0.5478534828535171,-0.21410145987952545,0.9007896620714264
-0.49485704499565975,-0.13408815306082134,-0.7473749091035744,0.21022154608860627
1.0,-1.0,0.913297598350765,-7.253322490920817
-1.0,1.0,-0.47110734316814473,10.791102812783139
0.3313662359611911,-0.4191184756497539,0.8136381301299123,-1.0184565066026754
-1.0,-0.7419804152811897,0.6832424779980739,7.832973106438884
1.0,-0.27698620848840494,0.46208518958355627,5.192057881714753
-0.5471316410674458,-0.6694067784137616,0.29153641798829777,1.956277497592905
-1.0,1.0,-0.8169000649020703,15.047147399465507
0.4280899903809481,0.5337182523121824,0.23113958217797137,1.7381987128272027
-0.3186143791082712,0.5544612126090962,0.38715874652940885,-0.632123668357351
-0.07630424393692192,-0.815340762398209,-0.47209710186717135,1.1227915814437028
0.037726638755533726,0.2837730925034436,1.0,1.6080798948132338
-1.0,0.4610982382395503,1.0,4.52110798151714
0.9324990229476975,0.09739743877709706,1.0,10.04962884234917
-0.26674114177056407,-0.9500558857546446,-0.6536116906533784,-1.4454662357986061
0.09718283725115251,0.7435132443688832,-0.6723425847370008,0.5382685692374151
1.0,0.9215184390725306,-0.7809886614620365,20.845290257627937
0.10964817509302982,0.25448231918534225,0.5960099477959417,0.09314797272361586
1.0,-0.03663063340397876,-0.7393368095955974,6.63606932828539
0.738350756824186,-0.513871668541684,-1.0,-5.508282040162722
0.47442588215293524,-0.020159433917535052,-0.8099298539152207,1.160630490079443
1.0,-0.97503271188134,-0.7991506581671464,-13.256256771789095
0.8592191227322306,0.1480169754591798,0.685078649794109,4.907038436254732
0.6833138177042908,-0.36669399338491426,0.6316321209342941,1.1341334936553167
-0.1940132195750499,0.9080237244205278,-0.02012753678185919,3.8818332706992065
-0.567145522093651,0.9905495415796355,0.16156780885880662,4.568918808837638
-0.9218014892359407,-0.08025454257673448,-0.14501656615223846,-3.0148581653541426
0.6604361798687899,0.38105653449702803,-0.3711485870828688,2.17780355327316
-1.0,-0.4274731879036333,0.276804702440814,-2.496638960479046
-1.0,0.06629717795927048,-1.0,11.270433757270704
-0.022463245786898067,1.0,0.42216096948124937,8.280325689417088
-0.7116741778673581,-0.8128086789969902,0.8031038523362433,3.8431436133340373
-1.0,-0.3108328552815851,0.1415738620411966,-2.8804182539849066
0.7420556444113358,0.849433997757572,0.8298146210676625,8.009681964158899
1.0,0.5966375175524352,0.4507446837564151,10.183949771275062
0.2529087671492949,-0.9206260884004054,1.0,-5.186590963725848
0.32279985454253013,0.8387655257271334,1.0,7.777955601923085
1.0,0.5187485472433251,-0.33676186643179173,5.018233496077972
0.19161035507757185,0.2988743437926089,1.0,1.6442881034983132
0.02438353859369169,-1.0,-0.04971379093845463,2.6275987008365678
-0.3020502172054098,-0.4957243010133492,0.4045355271130362,0.7996555503308316
-1.0,0.2482699936849162,-1.0,12.99762861351828
0.19519684375263635,-1.0,0.5934713734275499,-0.6049879750166685
-1.0,1.0,-0.39642124569413495,11.805728832858298
0.16703624607218526,0.062249701467231855,-1.0,-3.1386207942173656
-0.2234813932804267,-0.5243374668782532,-0.7695872906720946,-0.5241070932218722
0.6138116979593566,0.1916964048499732,-0.6531003164470008,0.8317989364893812
-0.6895350749225726,-1.0,-0.013833249255778446,5.462124657151942
0.3271371406647401,0.5636625930690262,0.3528863806783491,1.0486041976921385
-0.13512747915270973,0.05655237459490259,-1.0,-2.70368098860312
-0.6935096857879774,0.9878561769966883,-0.24675067675326545,3.9989955445830985
0.5691473798298541,-1.0,0.93339388064071,-6.051740625466679
-0.24753707321821317,0.3246930761953979,1.0,2.1336078739378785
0.5702676908697111,0.057658317559824646,1.0,-0.5253305194901332
-0.5052356981171688,-1.0,-1.0,-11.96711962498348
0.29096576035307997,0.4276189081771218,-1.0,-3.398298782493443
-0.2053265641365185,-0.5569469646776954,0.4690566582186586,0.6910074650779477
0.6089205882199815,-0.03153449939856756,0.835963325370934,1.6162564430774389
-0.5333357863650978,0.19225145169530156,0.9936141637305045,2.474685495137098
-0.16801210451766635,1.0,1.0,14.560821846060069
0.09178318385098261,0.6628912245759015,0.8498818365252621,3.270479792367582
0.951490959741021,0.6093862325492678,0.9491757406862547,18.20010245831442
0.5414859834375669,1.0,0.19169221677511006,6.679113114297035
0.09031589768790438,-0.568731654115399,-0.22513067641212126,1.4638715360414807
0.13119121765304698,1.0,-0.6156526519636047,10.488618082776432
0.7359403449585316,1.0,-0.03737136055212198,9.733657457806897
0.49801667907202796,-0.9526855764783657,-0.6592518717949747,-4.218170622464285
0.06430504942805104,-0.9048068950625936,0.4523252936900417,1.9766217550437615
1.0,0.3835165026291978,1.0,19.776751601893743
-0.4030056569262186,1.0,0.13372750794260413,5.592226989978142
1.0,-0.5689959060527239,-0.9369314469307992,2.099296407480171
-0.38846827666388006,-0.41045914748087675,0.5122512167029327,0.021131316890010854
-0.3678614067167645,0.29020367938320346,-0.09956044243052675,-1.3066827113484125
-0.8139937995493192,-1.0,0.18460563943647013,7.681536747446096
-1.0,-0.6345918135916191,0.45507233088523313,1.9161316889736284
-1.0,-0.692458790638337,1.0,12.912223394075863
0.6648136978676868,-0.0736529458391757,1.0,0.9106112289385916
-0.6272946037328075,-0.003053550866522814,1.0,3.1948890748566234
-1.0,-0.9381756926560068,-0.5177376134653868,4.069828958600314
1.0,-1.0,0.549049704590512,-6.167070637249571
0.0596530189583091,-0.44163954945577033,1.0,-2.012490189406438
0.661826332943809,-0.45460365929734126,-0.8160381122801739,-0.16344148631737238
-0.21391638873108998,1.0,-0.22587827783051484,7.624304081158903
-0.5352745077631837,0.6815480098845228,-0.21972404781384447,-0.8919451380139551
0.5978439481739815,-0.3330298361573547,-1.0,-4.3674035573414365
0.321155283180361,-0.05839618025728743,-0.021796099851993933,0.7766261487778605
-0.4873062611622201,-1.0,-0.24969075194083756,3.1711260817524654
1.0,0.10456267988641632,-1.0,8.940292903349137
0.2801962677923715,1.0,0.2986232965855784,7.969915690575524
-1.0,-0.7401366475320619,0.23032317929660118,3.300650916711024
0.9418299402603674,0.05197163265069382,0.7366274681758704,7.1555892798495275
-0.23903784601107336,-1.0,-0.13788709640664898,1.9384536963024164
0.4104997003973685,-0.353194472755918,-0.8621461851065273,-0.6178059761832055
-0.0990498155607411,0.8690821426438726,-0.45243491133125047,3.6010605623947747
-0.8002759634878196,-1.0,-1.0,-4.2571983562693605
1.0,-0.3808116853646948,-0.10751764778065431,4.568188165420224
-0.0329059606227049,0.8955391247610078,-0.2594426032273478,3.482447445129554
0.16354672392109748,-0.8921824497945581,-1.0,-13.166309092579027
0.6833672209723693,0.8945332437718445,1.0,10.959023775283903
-0.21965697923687255,-0.7735691033697616,0.1443931952001365,0.8001041755494697
-0.005293154322256077,-0.7462466777968406,-0.03019865462619986,1.445268204016438
0.8049044834293859,1.0,0.13024253164345057,8.474084823693707
1.0,-1.0,0.2404795503130852,-7.645219842272121
0.5748879503727149,0.3376048606970359,0.8289045219668059,1.4608291332413876
0.7385607410554766,0.9683388413471963,0.5350946121787505,7.034295303230479
-0.8399908499242064,1.0,1.0,16.367931788342595
-1.0,-0.2653574826292209,0.7991991412238908,-0.2905849270361388
0.1414344104869243,0.6566189729957548,1.0,4.652036971925884
-1.0,-0.9148758824981107,0.4991758708526135,9.649268022475624
1.0,1.0,0.17924905783447054,14.108634930481
0.05619293150817728,-0.21087320668807252,-1.0,-3.8368771867104465
0.6661741532329906,-0.817940134581181,0.02047590824623069,0.45291996565414183
1.0,0.9322899304192791,-0.025289408540682734,11.460790913067141
1.0,-1.0,-1.0,-29.425110340671555
0.1834329339727876,1.0,-0.0023174313714908745,7.795716062473962
0.017193747615235733,-0.11652741948533674,0.041705914942050226,-0.09481219016844622
-0.5200341719968671,-1.0,-1.0,-11.689861119753207
1.0,0.71259246853362,0.8362103288869098,17.139702803348165
0.02381823375789538,-0.21321876512852778,0.9545715847775815,-1.1734772745813011
-1.0,-0.20014567371655856,-0.13019592335807095,-4.0872461603849946
-0.34662822517013825,-1.0,-0.23211420885062073,2.4328573147757564
1.0,0.03887311840447549,-0.09650443276124898,4.784746031601181
-0.3128376898149521,-0.4461328456627056,0.24877898603447113,0.10960419469013921
1.0,-1.0,0.137635317274849,-7.418509127252267
-1.0,-0.7453494869987525,0.9057464171182876,11.642453988973761
-0.017744763395051155,1.0,1.0,12.563943116802783
0.7331715946381085,0.7533903421552921,-0.025496171629467046,2.728185940257522
0.3541547206999105,1.0,-0.32268436534698086,10.064208949361737
0.10423931563477229,0.5029439296899623,0.5912391321897121,1.071496161700637
-0.6704823866146317,-0.19904784153818134,-0.1873263435959105,-0.48970541785575405
0.8176949392298467,0.002364406484672399,-1.0,1.0788566159815027
-0.11122291730786182,-0.07315020397620486,0.18854166915828796,0.07883302931058478
-0.06132142931274642,-0.3496181039422557,1.0,-1.0558459386844001
0.18289420940632906,-1.0,0.2465733744243246,1.1247618162470892
0.08777341444596032,0.3327596574537508,0.09498122059372793,1.0283761254093267
-0.8023193438415939,-0.5118189519174583,0.765650712233997,2.3607112848962486
-0.693453017551432,0.3567730612273574,0.6489565168113627,-1.8237064671143053
-0.5765774154950118,0.4808524977327331,-0.13363537705426154,-2.135654915851647
0.3838930213807399,-0.8945365283025883,-1.0,-14.450107574276743
0.1816950636813215,-0.26338305249707283,-1.0,-3.9875241601682365
0.3941280164867704,1.0,0.0745109193972211,7.477046568854366
0.11000831697770641,0.5687038322177531,-1.0,-4.677224724389369
-0.4574608477310027,1.0,-1.0,0.4454950820456267
1.0,-0.05520085205086844,0.8079330653747356,8.230634098457545
-0.01568311667821054,-0.7378401076455978,0.26772050594973007,0.45531344259275497
0.908223624042823,0.2843755092932396,-1.0,4.807086747047269
-0.8920121990856844,1.0,-0.11024011005572398,5.4874506340087565
0.9077524603305938,-1.0,-1.0,-28.805436007718225
-0.4692348260665389,-0.23346381909183456,0.8455935302928752,-0.35891176709930495
-0.26175210359092427,0.9375768911835003,-1.0,-0.6964038040084244
0.029241319749234274,-0.13802398096047996,-0.6821991779375955,1.5793253708294341
1.0,-1.0,0.054772165192333855,-8.345567272482066
-1.0,-0.12014533054602494,-0.10636822593365114,-4.382823438326206
-0.23989253124538612,1.0,0.04247765249569668,6.577838195710335
0.37702393803524425,-1.0,1.0,-6.864458177820699
0.8250761106463651,0.3303244347875858,0.7808554434336745,5.513914492604677
0.7634966721864846,-0.5342348932140448,-0.8538105004027845,-0.28412358755939027
-0.41748179096085236,0.5208380361171081,-1.0,-3.7526997430274798
-0.927691594885196,1.0,1.0,16.947343095337306
-0.34822418739430216,-0.3341592552987702,-0.3675092815845511,0.8512879234799683
0.2496609445929996,0.2539207364609848,-0.07759779486554619,0.3942931181088344
-0.6218562836410535,0.2854905916416779,0.9611713469750729,1.9552628811051522
1.0,-1.0,-0.2537938048541153,-9.374757452719464
-0.9451295364307355,1.0,0.7166618285171051,1.918337450473931
-0.985525684883229,0.304036706141654,1.0,3.07531445907918
0.3785123702746864,-0.2704784979397816,0.5457315583825688,1.6627666626106357
-0.2049034224885975,-0.81823857827151,0.29194319549935854,1.5152504278437167
-0.2925514207137223,-0.720536652667497,0.7640079249564364,0.7983257146411711
-1.0,-1.0,-0.7242702318988226,3.7916017052449935
-0.1672119866827022,-0.24233649877867403,-0.6839872585212003,0.866772679759003
-1.0,0.08511139483251506,1.0,4.046812659990249
1.0,-0.1479049637736407,0.14917489252328764,4.963770107436146
-0.41816417975111997,-0.9786032023373183,-0.5227550630740692,1.0608943304216754
-0.44151672528237684,0.35879429633975146,0.21227507208716756,-1.1185458900485605
0.23313559274973783,-0.7483995026209016,0.32612029491259187,1.260736074317691
-1.0,-0.09496247160119387,1.0,4.528331383584063
-0.9814783367082469,-1.0,-0.8893695338741712,2.000842792504839
0.7451419712925642,-0.6827811256888221,-0.5798201361244986,-0.24486380137676933
0.311791335469342,-0.5029826755206654,0.21092657234375145,0.4419185599051596
-0.5558290228257212,-0.2022791952242371,0.005089747999603045,-0.07517938966239734
-1.0,0.7271291764137786,-1.0,18.93510890331069
0.5920715469917686,0.2274448351116085,-1.0,-1.8791420658392863
0.4089407966501406,-1.0,1.0,-6.9754510251232835
1.0,-0.2818087244081322,1.0,8.358320768443297
-0.06477072344342094,-1.0,1.0,-6.376895120319135
0.8955690544024244,1.0,-0.5620552133013308,16.972321879712077
0.515822654719758,1.0,-0.634146810817829,11.685116831352492
1.0,-0.35912012591213305,-0.230140562178349,4.890125942305474
-0.38320406430550835,-1.0,-0.01159245572457035,2.600513637514441
-0.010885374683970328,1.0,1.0,12.278171588054251
-1.0,-0.4597740399375465,0.012261884685196733,-2.340638572002447
-0.019751807732719007,0.05304747421870126,0.27223158965942185,0.5780158109114614
0.348606482571143,-1.0,-0.2892181429013758,0.9405487664199802
0.4522699151148146,-0.8026047690391367,1.0,-4.642420337358893
-0.5649540305811303,1.0,-0.2026916019043279,5.637455974057917
-0.003519507761962526,0.23301404346192234,1.0,1.2399020494067912
0.0589385230166346,-0.8703423872082947,-0.0409547081635282,1.346358372434333
-1.0,0.1261530938158708,0.846341572774185,-1.3242569346261206
1.0,-0.25138561811978244,-0.888827058500727,5.970378373153147
-0.19591117725868235,-0.5528535495780758,-1.0,-5.484221712441828
-0.22141307342262873,0.04658975999100479,-0.35315196747707267,0.4563327094583338
-0.04414642066870145,0.6582676185331449,0.700564585837119,0.8247209291005193
-0.12457555878497484,0.16069234427929024,1.0,0.530941519794539
0.4774151083146789,0.9623400493762007,0.3560652774589337,6.536527498545974
1.0,-0.6121162695374451,-0.7071600444353352,5.349437994290231
-0.5545688170140701,-0.17323042239712794,1.0,1.7972379871330908
-0.36609342796204136,-0.11421171367718963,0.7740927424031965,0.11951923216295034
-0.9602316722910806,-0.16644934977765513,0.6402902679403895,-1.3586918003061539
1.0,1.0,-1.0,39.15743380008051
-0.018255691054658962,-0.019880152787573824,-1.0,-3.693129805716973
-1.0,-0.20850033411282443,0.8104657116687335,0.055834623057530036
-0.7463675269774015,-1.0,0.013199245326594777,6.452230099852141
0.9517827234007068,1.0,0.4378057587722346,12.053268675690227
-0.2831189153992879,0.7831989407416269,-0.5158510784020287,0.15551935246550713
-0.14004800996636835,-0.18227681118550643,-0.29932590108465695,0.6614707122785631
-0.2568225983469785,0.6844526392023249,-0.03890780933942484,-0.7209205840269967
-1.0,0.42873225902916734,-0.29246830600169105,-2.0535987685724555
0.7790057984586491,0.06812336018466492,0.737544817200098,3.853469387511678
-0.3178231179093143,-0.3466298862873758,-0.44937111405521013,0.06831008180091291
-1.0,-0.46452777238262954,0.143940541621441,-1.5926497012428031
-1.0,-0.5740706630730779,0.4557091253374539,1.7642583042651983
0.8900578504848597,1.0,-0.9884984008965625,23.86546266222229
0.41357156305786136,-1.0,0.06439719273160027,0.5769759974726599
-0.19943151447805496,-1.0,-1.0,-15.390642114948806
1.0,0.8311433500379397,0.15636952216168742,9.819647644405208
0.019985585421369745,-0.30970352301455417,-0.056799614300079515,1.2902235247620797
-1.0,0.28615608094175626,-1.0,15.173318085096898
1.0,-1.0,-0.010793175232039154,-8.575007329246386
0.042227920487533765,0.04555029745581307,-1.0,-3.915695667059335
-0.1340940936250581,0.026772348298360837,1.0,0.9218956266908034
1.0,0.6955617977620838,-0.27174578481307976,6.949032700921188
0.22065815382578635,0.09677906821297255,-0.40995761216797155,0.9074215737139448
0.6109604993694915,0.4727679655009114,-0.22842933820671218,0.7468380410301704
-1.0,-1.0,0.005869372532563144,8.264244669356259
0.6659379075505285,-0.01214370649404306,0.2856661003239078,1.1567804751711397
0.25466591965581076,-0.4303429229688387,0.7044926172315629,0.7386230767132503
-0.3160071024281075,-1.0,-0.169053147623494,3.7745393093569657
1.0,-1.0,1.0,-10.421978843598128
-1.0,0.3582124154693993,-0.732533016927652,2.1257910118620797
0.002008655978244178,-0.8575969678257487,-0.23817940743145805,2.412140813595931
-0.5601891888961175,-1.0,0.4347921124561722,3.66862231697299
1.0,-0.6118027991631274,-1.0,-0.581928737107051
-0.17043997425729684,0.37256759906820913,-0.24756453383888366,-0.18463446880658846
-0.32772213686941853,-0.5961642315665165,-0.03470805358813256,1.3101282752253363
-0.4385095118954907,0.31887142484770004,-0.601893159494516,-0.6890102297333802
1.0,0.44224845569417726,0.6721350733235316,11.31981337742907
1.0,-0.16779881014083187,0.8562928636717893,7.992911956818313
0.053451901124056844,1.0,0.5394707533526175,8.022599442023362
-0.5706483853579609,0.36422005304883154,-0.7750926106147693,-1.6461440145272754
0.4053024250351871,0.09938036311045617,-0.1397126134571165,1.3538250747582992
-0.012194915496145153,-1.0,0.5316012255772258,0.5292386028503635
-0.3714065634708845,1.0,0.9459057672177633,13.549282736885127
-0.3554712848353607,-1.0,-0.02955773411347451,3.526442206902523
-1.0,1.0,0.09900531973789017,6.56156272073416
0.7968643909614437,1.0,1.0,14.758596383434167
-1.0,-1.0,0.9534384177084654,21.0286263585281
-0.8409906262782465,0.40221899589784527,1.0,3.735293900169447
-1.0,-0.25667575577348933,-1.0,7.2959263773633705
-0.8632961907818226,-0.20061383697876,-0.6252216983670285,1.1708620214434176
0.41507844898993507,1.0,1.0,9.441586678069056
-0.125884946492701,-1.0,0.21545374222362668,2.5912724025730625
0.37635089571096625,-0.052399198298924254,1.0,-0.9599677162534958
-0.44510661586010514,-0.120695234686091,-0.2714828311442905,0.9805134187685195
-0.2884031993867646,1.0,0.286661023717228,6.632909564798709
0.1784040573301824,-0.1184629628365097,-0.2694093350148752,1.5622078343495853
-0.4471025289222663,-1.0,0.8198729848194117,0.6672162086815392
0.6290892881936494,0.3353441372857877,1.0,3.8107623844381324
1.0,1.0,0.48560495548361615,13.641231561716456
-0.944900278030036,1.0,0.7707892992529075,2.721381518947372
-0.6574241577413422,1.0,0.5612131286124478,4.550497029212307
-0.0621461178388909,0.9981161190839762,-0.6170289585706317,9.36576397881
-0.4997199274336126,0.2149089113572249,-0.9558129405740912,-0.31595109060298454
0.6360611279707633,-0.4695554683606318,-0.577183155858936,1.4220720758496697
0.125120050563019,0.7366587254132579,0.5200082583693093,1.4332632285081996
-0.9644705007369168,-1.0,0.09963668393752667,8.346823033004856
-1.0,-0.4297574638485544,-0.32759701277574016,-2.736577026448538
0.05112814787552211,0.7729861855371998,0.8271087446139505,4.096845132016415
0.6495849388640897,-1.0,0.3803795722717058,-1.4933773039810083
0.6805855514830985,-0.35223506680352057,1.0,-1.0674674668180089
-1.0,0.67006735756058,-1.0,19.5400775665811
-0.0751905639661612,-0.9767477996186464,-1.0,-14.922625547760937
-0.19823612512767008,-1.0,0.35854942165646597,2.2930366024662137
-0.11841933110914638,0.048037802517984396,-0.2600160839681418,0.7016356647182854
1.0,-0.5773884229693496,0.4913504313049528,3.709596402818727
-0.44200876658498833,-1.0,0.2608141705584508,3.873603959828711
0.1452888665200005,-0.07643456913272195,0.40779908873364645,0.009360232142901936
-0.3999547646210668,0.18579536078658432,0.6391690703358721,-0.5413275169810744
1.0,-0.5162021428639445,1.0,5.574617313447362
-1.0,-1.0,-0.4066522968267732,4.973085165556158
1.0,-0.725347486303962,0.5061304783580611,2.535960353584503
0.8927815974165447,1.0,0.3528183752952303,9.884878953375917
-0.7385834794793833,1.0,-0.9103085592897435,2.5330622327659817
0.6178536712194316,-0.39813806820209763,-0.5515759909802116,1.174466564113269
-0.43110220135691946,-0.25287604188859536,-0.4090759349017852,-0.2692497745472624
1.0,-0.049172505841260206,0.34501886319862574,5.856711775063785
-1.0,-0.5946899385821756,-0.5338063386412821,0.8799646468156306
0.20225868198443586,1.0,0.8339794332370256,9.51016342786948
-0.3528297642277698,0.35300694472032546,-0.18081671838584334,-0.7619444814078283
1.0,0.33888943736851296,1.0,19.86692364470139
-0.5346039351763596,-0.2660036110003121,-1.0,-0.38103320517045886
1.0,1.0,-0.9190230016769789,34.92231042789392
0.5193665769842128,0.5331420737023296,-1.0,-2.638594531113811
-1.0,-0.4802189382664477,1.0,8.165830299810112
-1.0,-0.032110738556660134,-0.07184697259132555,-4.282327018218992
0.4180722641234489,-1.0,-1.0,-20.853595478058434
0.7764774602910154,0.3442129938825391,0.024109827754564606,2.1271575922093304
0.8223803862112578,0.11752713456557018,-0.7768105544578201,2.504765784841372
-1.0,-1.0,0.3306123393535074,10.739916434121696
1.0,0.7342346702940519,-0.4308717455718787,7.861021465359847
0.9264953782752698,0.5371701856388129,-1.0,6.778838207164917
0.1016124286732718,0.4757369470506183,1.0,3.352834089508084
-0.05150788891926239,1.0,-1.0,2.9997124072442327
-0.30959809478020595,-0.7034069865735324,-1.0,-6.1689251352915
-0.8430375422075225,-0.600482479664461,0.46883925954458006,1.935757017365913
1.0,0.5420258274356482,-0.30443016083197705,5.660579197202102
1.0,1.0,0.36106435470625353,13.167653951985164
-1.0,-0.2069009294547257,0.10050319449211598,-3.3899027920800764
-0.12863207769198048,-0.5095644986427961,1.0,-0.5025681766639385
-1.0,-0.16675948937723772,1.0,4.678628175028638
-1.0,-0.20212903897222145,-0.03816974620321156,-3.3849391581187342
1.0,0.8417621615375863,1.0,26.607817774550934
-0.24723024365304203,1.0,0.5544615304447549,8.184943907554908
-1.0,1.0,-0.3524496204424503,11.471758955255755
0.46073206348669626,0.22988378657731023,0.8972710439312479,1.1696201139206877
0.522741171688442,-1.0,-0.8407273893323326,-12.74904528431646
-0.6612654516981711,-0.4235216768141017,0.3241574494818693,0.3874109413744107
0.46121344364702477,0.08351491049577708,0.6240517270667494,0.9393062028082388
-0.740467511189518,0.05321013100115568,-1.0,3.1555137028313904
-0.9497181896190225,0.729224340184973,1.0,8.507071306934447
-0.574362534936278,0.37954281051128147,-1.0,-1.0115343898914866
0.555601737923306,-0.5400822378575032,0.5603156366492343,1.7378485545554399
0.7151554096036807,-0.25620261770482244,0.9792762388672733,-0.40896865437235763
0.6935229671741805,-0.7063769903590771,0.4766627134128161,0.18170210229825967
-1.0,1.0,-0.45944279888757955,11.963810018309754
0.9280904378154378,0.019196735104784812,0.5546510282135679,5.263955638277784
-1.0,-1.0,-0.11057738034170672,6.551521795036207
-0.04700893776251602,-0.9460500878640083,1.0,-5.005241546745689
-0.16529480641247463,-0.4930838446944743,-1.0,-4.118095131971207
0.7606761419439816,0.5149355266390008,0.26429302005829247,2.63461218024475
1.0,-0.1624639480805976,-1.0,6.617352150319033
-0.5565674367832276,-0.0905975512532875,1.0,1.894339238030097
1.0,-0.03425382953690859,-0.8918022447109513,7.956821274223258
-0.7987007621260256,-0.931773746336034,1.0,7.089273768148007
0.17029869936781927,0.1049921147512003,-0.2966291202928235,1.3470007333534095
-0.6155319786459876,-1.0,0.8348120599221476,2.2977119862495994
-1.0,1.0,0.08874798199797751,6.629462068485682
0.5650256059270988,0.34889168613606003,0.24305840713305682,1.057629434347657
0.12853953228301518,-0.5433991640411953,-0.17299610461776416,1.824624667496777
1.0,1.0,-1.0,38.62203205988337
0.6670755184411266,0.3608287784271851,0.2687692805684381,2.368908837651356
0.192523513848317,0.16324368120864863,0.48809055118321965,0.004663047430848555
1.0,0.24941690799950145,-0.3420251365420539,4.849160094051855
-0.8549033258389347,0.6030717153149556,-0.3014591342267292,-2.4614188512862767
0.08787076626411605,-0.02280138244485208,1.0,0.29719766913321816
-0.7471236172814197,-1.0,0.17872328524343462,5.646602577694743
-0.8636527294683565,0.42628167526117267,0.14411679516140397,-3.504324398471034
0.3205167848821435,-0.6263403658622277,-0.6028180820531208,0.1671971885460229
0.21283591208751473,-0.1680557547212369,0.4935565404723379,0.8300089409872408
-1.0,0.9885582820134406,0.5508377507358087,0.9828565688959201
-0.04456184440602584,-0.32378028216058974,-0.7137880867920696,0.606034011773332
-0.3819644548264418,1.0,0.050845112219325195,6.72267004585896
0.39378084255562307,1.0,-0.5417853457518853,11.392156792878419
-0.1704892825708202,-0.5606160762829824,1.0,-1.1076428318604097
-0.47879440027854403,1.0,-0.8307686514333696,4.028014688935764
-0.947487209586775,0.7265556636008479,0.4763640635624269,-3.4107029918078045
-0.2460337943941857,-0.09727074488694298,0.21568116261589054,0.4517177205832177
-1.0,-0.16968534538811775,-0.03523720060438351,-4.132099987008416
-0.02616205068337485,-1.0,0.013026803901241779,1.9146745601547095
-1.0,-1.0,0.16810851827079532,9.036960658673888
1.0,-0.11549642859982301,0.2924072573887293,5.189174805623422
1.0,0.3894437262755268,0.011534933596802688,6.374379727557226
0.1728763278075296,-0.6365927136120766,1.0,-2.657267280704772
0.13562864925465212,0.45374613223910165,-0.2959276574378271,0.5333689744662176
0.2303161450828508,1.0,1.0,10.85428545084101
-0.6428398231356682,0.46947682307700256,0.283953340819904,-2.735696332060397
-1.0,1.0,0.35471329129126605,2.9341546541723376
-0.32522261350253645,-0.6694956910572414,0.12904198667687905,0.2876383468263195
0.009924617870953778,-1.0,-1.0,-17.86402606501653
-0.05220734087878087,-0.5827033220877553,-0.993555785353484,-5.91807888388464
0.24597795999345773,-1.0,-0.18177339436583906,1.4630845714160454
0.1789658130847347,-1.0,1.0,-7.4626758811507345
0.44411597538533476,-0.36591897537033846,0.09361952993729017,1.2759634755000457
-1.0,0.11052558460462714,0.897907403156869,-0.40970740674169787
0.2819813082643281,-1.0,0.3897123070362605,0.6808017199861433
0.6711998280578622,-0.5522653687386201,-0.08323240853562397,1.7861536743675468
1.0,0.04419721065116633,-0.3750959715416655,4.734808100404786
0.3269277737984344,1.0,0.2197731449221867,7.608170941171983
-0.6073306486304717,-0.7755119515555473,0.4903100806117928,1.8750395509485922
0.9183526060936975,1.0,0.8272409320552598,15.212920732910794
-1.0,0.3856524165656885,0.2679885431816329,-5.209526977134796
0.11144116353117806,1.0,-0.23022531626641007,9.45546866399839
-0.9951407172080322,1.0,1.0,17.77482347207053
-0.30818350485362656,-1.0,0.0909607159731387,3.1128826772655978
-0.5892848066044121,-1.0,-1.0,-10.132198190258679
0.6504037613471096,1.0,-0.3819547139491113,10.801515639070058
0.14296485779652945,0.6117222610854494,-0.13913716931027187,0.8797681185117829
-0.38505998096865945,0.573338373236852,0.7719385503328458,0.6104436730740596
-0.061124576435548805,-0.3463465505773349,-0.6577429456653119,0.622854811801449
0.048298320747293344,0.3827833232035185,0.2732528167223711,0.18993111617412475
0.6206869217156576,-1.0,0.31549729859835973,-0.45265503615326597
0.48472628757256686,-0.014209161004803184,1.0,-0.42219262881056285
0.9199239126432515,-0.3286398305007683,-0.3341786600549348,3.358081206046228
1.0,0.6551273883682773,-0.34496330083417837,5.257543072299379
0.002888327840518734,-1.0,-0.0451421212218035,2.3323329957865186
-0.8986726023375355,0.6404474274397136,0.7049361999088273,-2.23108229895722
1.0,0.47948442812754744,0.051736126772066626,6.399744415579038
-0.33218992270114533,0.4147943029161538,-0.024302053668773693,-0.5087969755234433
-1.0,0.27546289675042157,0.2718606017755123,-5.138953711542359
-1.0,1.0,-0.9686470835162766,20.053437461097875
0.36484653752648155,-1.0,0.9916889108784497,-7.3465624618414065
-0.7866662942036748,0.13437315231332492,0.306771629273465,-2.2100533477405633
-0.7472929009684586,0.4268289790999704,1.0,3.852928015494474
0.5742713016407182,-1.0,1.0,-6.994709442158309
0.568858132770292,1.0,0.8813519076219767,8.844254792271109
-0.5970770182759504,-0.29620534634604323,-0.38673823856675704,0.7087269022572867
-1.0,0.20711975295275065,-0.7347434570994589,2.3281997817647597
1.0,0.06625262219551198,0.3312085622486787,5.753223441126675
0.20921978129176644,0.4956584855198256,-0.48456702701766186,-0.059589284876416015
0.009455325899585088,-0.26907138361144156,-1.0,-4.408377059322754
0.18323824358597784,1.0,0.011377279644485538,8.110219062577656
-0.08047406483983788,0.3014445306920355,1.0,2.5900029011550414
0.1600393208494919,-0.8385496376198187,0.9225310605526393,-2.66699252006446
0.4938410628822374,0.02080071902955516,-0.7390919062580366,1.0379621198177795
-0.3671632517476442,-0.02478681178426312,-0.6805528214879331,0.08774622226629714
0.9473508936282895,1.0,1.0,22.18637900864771
-1.0,0.6121490507402052,0.49607730238294323,-4.090930562608894
-0.8618856984427998,0.11585501510152252,0.2935377290711252,-2.539725729685889
-0.8341164776740522,-1.0,1.0,8.39691369818716
-0.10653979366485733,-0.929485231853765,0.46773359399782444,1.3499670549303282
-0.3110852928071519,0.6027080583433457,0.4173917103757674,0.37630182959797315
1.0,-0.7247061827412622,-0.22375061538518004,1.941465162755615
0.11208786873848209,0.742322611984015,0.3046558983749672,1.3441120731909062
1.0,0.26430890774361493,0.2749489654179842,6.817604879857452
-1.0,1.0,0.1892257094244889,5.215575702931919
-0.2340105995324313,-0.1990137496792026,-0.6514272829357715,0.2754662691963895
-0.00835877489622816,-0.6540709359779466,0.4580932422339057,0.7083180637562606
0.11454132434520692,-0.7631194054744299,-1.0,-9.70035510543666
-0.8718645229807114,0.06322897789101711,1.0,2.76940040286258
-0.1780666253011336,-0.6735271188801835,-1.0,-6.677236592238369
-0.07556836276916634,-0.3385534406973121,0.9818868113440973,-1.0637526618034259
-0.5288657940607904,-1.0,0.7036658557163413,1.7941608446002446
0.8226443789220115,-0.20727888377442216,-0.8204937186101657,2.0251752253500346
-0.3193580295319147,-0.0993060504141654,0.6350579798392655,0.6074575506887332
-1.0,0.44900450901408706,-1.0,17.260889528969955
0.28618024656193164,0.47691206420998644,-0.9144864322731883,-0.9529214781420101
1.0,0.5617775657390789,1.0,23.47287228700511
0.08830469475915348,-1.0,-1.0,-18.24052197962819
-0.6320665615551804,1.0,-1.0,0.17099616542721963
-0.22211974515902733,-0.8616417799402643,0.8840818076887833,-0.9880777989272218
-1.0,-0.7043496174881294,-0.7579013996356194,2.1902598153286235
0.377617042710211,-0.029723078594672048,0.6975826523874109,0.7993897503427209
1.0,0.3002950503177959,-1.0,10.743515585836755
-1.0,1.0,-0.5330133626765545,12.221845170927379
0.13581160081604082,0.11260146764794277,-0.18184478035910479,0.3467704081009302
0.8987331153009577,0.36344019711308495,-0.40583902845617903,2.462150452264649
0.9801805255070302,-0.3545638067199959,0.8181452053966347,6.323857605764482
-0.9724785481501004,-0.5115449144421784,0.6190059897931197,2.041926132153183
-0.29189435405773256,0.22938404207107244,-0.4533286251036639,-0.340391273954449
-0.8213785040872172,-0.6785221860318156,-0.5808641935336134,1.547086273946244
-0.09064730776806673,-0.2624647435796019,0.5370118736905041,0.8342057131826042
-1.0,-0.6796564607553739,-1.0,5.089086111067788
0.7967309264257947,-0.4004175613167029,1.0,0.31241543481886336
0.6957695476753454,-0.08170452079769719,1.0,0.8573896824139615
0.21963128682268462,-0.9501140028205171,-1.0,-15.339154857194181
-0.10309465055924494,1.0,-0.4136845173594368,9.375806171671812
0.33323755014873746,-0.6263815711914047,0.288803610986768,0.8315450809947438
-0.24558335296127431,0.7034374217876966,0.9685919884125982,5.8552552571511125
-0.09289599512535207,1.0,0.7206172173773786,9.629984110428634
-0.3069756157442971,0.3646241404095367,0.00023096151516210917,-0.9312010604211549
0.6471126646171255,-1.0,-0.34904336212709275,-1.8886692771193303
0.44134219581136724,0.11343401479814741,1.0,0.1473449592573357
0.5406956543030739,1.0,-0.8019590665985619,11.625465511437191
0.9629111248143605,0.164174653937752,0.42203705614962317,6.4539590788191035
0.8838645361001343,0.14688074378115967,1.0,9.470226837971008
-1.0,0.41878850680259583,0.13762548396198304,-4.444318997011152
0.24355726742321115,-0.3042660363475247,0.1763911146138868,0.3106134509142934
1.0,1.0,0.3524352075074564,13.292894213154067
1.0,-0.6746798921502246,-0.7704511349265184,3.3373312794549914
0.002284004607668866,-1.0,0.14770054542151856,2.4948856657736402
0.6674975077672878,-0.41099733769566527,0.9820817630393095,-2.3027982270466243
0.6946772549410845,0.11568408070865455,0.6969340965669619,2.1594581379025204
1.0,-0.8725657767803265,0.24875805932639672,-1.2374937454107013
0.3866669852102165,0.23700246114655132,-0.4837511815950071,1.9818099001667813
-0.47126977275755966,0.6890516065332424,0.0362299280236702,-1.2043592603714837
-0.6270529879119815,0.2913740303435943,0.656409910920396,-0.878635368156725
-0.39611988922926034,-1.0,-0.9964246368173335,-12.938125009846202
0.31370225857347434,-0.13840865354714094,0.4024180159533117,0.8245723663400601
-1.0,-0.8381931882173812,-0.04304020416989229,4.172956343952702
-0.9199600709745464,1.0,0.08214261265536305,4.226568834908188
0.1573879575451851,-0.5486684209917057,-0.5566216938690041,0.9287220769637674
1.0,0.02580754642089267,-0.071642300039924,5.132342124677966
-0.547123114887107,0.2245457059922089,1.0,2.4115756114270863
1.0,-1.0,0.3137589897459936,-7.213854339129452
-1.0,0.5482529918082524,-1.0,17.55365331530288
1.0,1.0,-0.7581466654848605,27.498452208737707
0.5137945981078862,0.5536551001831118,-0.8536122750418369,-0.29774830301781385
1.0,0.21965919935654687,1.0,17.069480101193694
0.376586547779012,0.6140234338694972,0.35754381794392076,2.378252544255366
-0.6121662640456713,0.840216880641943,-0.0655151375534504,-0.010353324127884226
1.0,-0.45366724276069936,0.1899811287842399,4.638774709130795
0.42245122933874835,-0.5001300482507616,-0.17774439685759225,1.1946200181729005
-0.15007439987365245,0.24801303166417576,-1.0,-3.06871715143383
0.5077833257650355,-1.0,-0.40594546364924233,-1.7219242796717975
0.2501578629382184,0.18482980666824456,0.36491214283545514,1.299798397047171
0.22695013283392718,1.0,0.3505043149364304,7.174974200817176
-0.7718490745864639,-0.020549617536343323,-0.15243866902155778,-1.558280336742257
1.0,0.33498614449189623,-1.0,10.63260395326838
-1.0,0.6189415744895512,-0.05924675983776262,-1.9735334916474874
1.0,0.3185227565103401,0.3253783930338374,6.418329478126079
-1.0,-0.25017678159870127,-0.49108550363146586,-1.9099396596878284
1.0,0.1704841552621441,0.21950265334269914,6.504553640765356
0.03793647907195208,-0.5174145203797216,0.4411334337753985,1.3980708594745188
0.3935655083824652,-0.48167889726345114,-0.7466431608980575,0.7970264881755117
0.37618307942037155,0.7187406373495182,0.5580483834211438,1.081558113569435
0.6954833869052748,0.7666394737350157,0.00790127899379578,2.6571083727282736
-1.0,-0.9316776748700506,0.02522456566078568,5.920211983936754
-0.2721740036865554,0.13543939772039315,-0.5825178893803549,0.6077098338589939
0.8612147069180738,0.39541413031753336,1.0,12.008078000958765
-0.06618212911177412,-0.12312127973384457,1.0,-0.13193912881750208
0.9290325121495657,0.5839006312464221,-0.680578695056022,4.913348740236782
-1.0,-1.0,0.6347892380013962,14.290275972705619
0.7817849330714579,-1.0,1.0,-7.307050440761418
0.014166512585768842,-1.0,0.842156100540745,-3.829671577827149
1.0,1.0,1.0,25.99513205926112
1.0,0.06951195674121524,-0.3744030919411594,4.97936933043403
-0.8719092619386257,-0.20197142059065798,-0.7000703796760652,1.6626160119424598
0.16595833807699578,0.11368465172454822,-1.0,-2.7109400512207404
1.0,-0.7156813799648756,0.8294365656135776,2.9821495708485433
0.5895329929624171,-0.8817962176819616,-1.0,-15.020857332100736
-0.3378053681733557,0.8670674444518782,0.7734218234818027,5.387688454265408
-0.10663590777111365,-0.19521077227132344,-0.5899308880347771,0.16954474422093657
0.5218680992814275,-0.08556169514703948,1.0,-0.6867316342654142
-0.9055275805599883,-1.0,-1.0,0.3053161984949583
1.0,0.19345061431622712,0.9412564309984228,14.081232408641492
1.0,0.39919752013646503,-0.3959926410931611,5.724731955401175
-0.6368813537438269,-0.57853144620804,1.0,3.2202209726749533
-0.6301210807746562,0.8567690529619896,0.7804151222277504,3.629210071042707
-0.38044387183827255,-0.4041863663216634,0.6707146252026803,0.09585224512838467
1.0,-0.44738209962150544,0.6179843546429249,4.567678629175654
0.9997508894911586,0.4525109577108739,-0.9941451901199376,11.840701602219474
-1.0,-0.35229141165266875,0.48699421582090574,-1.4436303204608762
0.729090905571866,0.09529247726100842,0.4022236555329737,2.9552321473521266
-1.0,0.803752146473744,1.0,11.586204701380353
-1.0,-0.5204239228694179,-0.2467210566184035,-0.5676376434366525
-0.2022035117910268,-1.0,-1.0,-14.621668469542147
0.8231697432862362,-0.04184860222971176,-0.08783698112959937,2.6130810149685475
-0.13819950271552517,-1.0,-0.4612075181523727,1.174213067440167
0.29806977980987015,-0.8671583419413829,-0.1391126022725344,2.1058528778122763
-0.3863632601094167,-0.21644431970389277,0.6923004342222936,0.4396624715332577
-0.8131224072954433,1.0,1.0,15.948855569727948
0.20798645108474334,0.027841629394886436,0.1277415100505146,0.8354865598409014
0.09537740870462286,0.938256404353282,0.06520498724181634,5.227389103643233
-0.34776683988449464,-1.0,-1.0,-14.163832451951592
-1.0,-0.9788234935705766,0.2768857041582282,9.969811445525115
0.62517038292663,-1.0,-0.15056410519524888,-1.1544535007876178
-1.0,-0.4386142894029754,0.6562747891609728,1.3095284096891644
0.5849031921320729,0.33742750516545517,1.0,4.101690550438629
0.5520069827078038,-0.4849739418816792,1.0,-2.822096379526752
1.0,-0.14875334058446987,1.0,9.431633494480929
-1.0,-1.0,0.6543871747452441,15.22421685922076
-0.064126337817215,-0.1455364241123407,-0.5312302175075427,0.6489252903934736
0.012137251202417154,0.12032439648105542,-0.9489588468446741,-1.7729079370671932
0.0676822854586625,-1.0,0.07103654273960114,2.3569860220809717
-0.5618435491138982,-0.24350835665466453,0.6287942690688995,0.7685529828566796
-0.20313564316030597,-0.7515955479089422,-0.2857242069365331,2.103700134821776
1.0,-0.47257682823679215,1.0,4.691021348087257
1.0,-1.0,1.0,-8.821226459001942
-1.0,0.4835554379831266,0.05689914928389128,-3.8325925329433383
-1.0,-1.0,-0.806792114948593,2.6864992953531033
-0.5649840493653508,0.4025009815010545,1.0,3.9332207376157324
1.0,-0.3918088075383419,-1.0,2.6884953492671255
-0.04080873447747546,1.0,0.42865943432511644,7.661232072466092
-0.6566474054846547,0.13123446459084787,-0.2387776259280845,-0.83388894995588
1.0,-0.5646811910239633,0.17777969840239338,4.7847427389052495
-0.7459577355731106,-0.6110068325574576,-0.3466848078840783,1.7476375113659535
-0.5238725330928498,0.2817700785349191,1.0,2.603663240944236
0.1712366882728511,0.025201898270620138,-0.14685821535441534,0.9220136676504587
0.3885787245514487,0.25567750973635706,0.4001471747708196,0.24674258220437228
-1.0,-1.0,-0.2174450495141682,6.3688619081749405
0.39032892884481263,-1.0,1.0,-7.1962639969388995
-1.0,0.07027845713219683,1.0,3.188626650822426
-0.5412122562787576,1.0,1.0,15.709235044347945
0.48631867579756727,-0.12076875572009715,-0.6612579936230771,1.8284208635725197
1.0,-0.40097071219808633,-0.4018529802805795,3.997990924360086
-0.3620676401078817,0.35345037337002627,0.06954832975400294,-0.5971672660869976
-0.6864000401625088,0.5412927558543312,-0.6567968908743622,-1.5616678356709537
-0.4947000504216077,0.8403191355027311,-0.2785648568447834,0.4335511629480465
-0.7091477168412128,-0.1557201247344786,-0.977306440249117,2.466496978923451
-0.4974018849510162,1.0,0.4577985898776784,5.914261939093475
-0.9687072610412273,1.0,0.035722561796664554,6.273774523346431
-0.6399321569714389,0.12855689884674804,0.0549936731641425,-1.5971402031923594
0.0803714593936502,-1.0,0.3878415490945992,0.8263366879520124
-0.6701173044011588,1.0,-1.0,1.1369221636560805
-0.38023137809190577,-0.9158184106339351,0.7468096537687159,0.3928890016061519
-0.5097550498426626,0.4324785269530509,-0.5520956519270965,-0.9019231613839098
-0.27090816556349884,0.824572592060201,0.5310636846939489,2.3430887891799026
-1.0,1.0,-0.7438840060422323,14.603739958773232
-0.30437206848001086,-0.6580498110631279,0.32369302365974817,1.1349489581626262
0.06669204473684509,0.7782517874595571,-0.40715913585624697,1.7747038090570242
1.0,-0.423871643212439,0.22047959342232515,4.035302192320202
-0.11082760078746356,0.16047478763172784,0.7906038485276319,0.3191374756974955
0.10384052129392463,1.0,0.46868355795992156,7.110909618779739
-0.7104517354399156,0.8442393797860273,-0.8490145680314629,-1.5159788380491936
0.010172639162481234,-0.532188762015182,1.0,-1.0368518767637638
-1.0,0.3363714397468982,-0.10449638176214004,-2.6757075207899668
-0.41529132925517565,-1.0,-0.4813838273200832,1.0088675895216384
1.0,1.0,-1.0,38.85588916260837
-0.359525272940036,-0.23589193617978377,0.5452222492757788,-0.1706825171927709
-0.933605781075945,0.3900706846282993,0.9630464672207946,2.047442000432182
0.38983056631275526,-0.9082199540748184,0.5392909821358292,0.17241327737225498
0.6827589536957255,-0.1448336666879222,-0.8730807133738359,0.8482993689774218
0.12932813921758068,-0.25134833498798903,-0.8083215577393532,0.19705724563753846
0.34554247315918807,-0.5229655345851392,-1.0,-6.728448173614839
-1.0,0.6805092705092959,0.604777111776394,-3.898125177053433
-0.4970457088752456,0.9004200506868867,-0.6017653254240731,1.1078325516168779
1.0,0.6237554778771324,0.5115613838157262,10.646078648264325
0.3808726085881158,0.8417333500567392,0.16013353584153878,3.253301159782625
-0.0953588984250755,0.11063723995013408,-0.2871512098078788,0.4692516659870804
1.0,0.05066050191745819,-1.0,8.619680815311602
-0.07246963769709258,0.600953916877123,-0.04674078394745251,-0.06325035406493942
-1.0,0.24547449782923803,0.7301348216760168,-3.2144933909247086
0.16675807413977006,0.4733330567356313,-0.7926306745762017,-0.19803543822940262
-0.5268613703916667,0.20924662021488105,0.5340000102921174,-1.9863611056046975
0.7392773061499784,1.0,1.0,13.989061439109578
1.0,0.005918361422576401,0.3234795834613722,5.967642516865191
-0.9878735156423668,-0.8316105127661588,0.08131414629590505,4.81252799450758
1.0,-0.06850236067019355,0.48710502222086083,5.984462017823707
0.08879261180087772,-0.4743437257121026,-0.9663916608059906,-3.939267490119969
-0.31842709819464354,1.0,0.686927169817118,8.51623268456365
-0.8128751012723172,0.478663564762843,-0.08173994030595866,-2.353357584234244
1.0,-1.0,0.36951326878140356,-6.948582052932752
-0.14253945189441564,0.13988800272598145,-0.5219630531114177,0.39473881642593317
0.3353208026860983,-0.21290250654826792,-1.0,-4.3574467599698865
1.0,0.0732820813006323,-1.0,10.058603376705385
-0.68012771593008,1.0,-0.6939695961968357,3.4224326027986507
-0.7934905153612357,1.0,-1.0,3.950941879981369
-1.0,0.08241853031028934,-1.0,12.11145649802498
0.9475088414891808,-0.6776017106983732,-0.12775796129154604,1.2258037025090718
-0.14277367485995862,-1.0,-0.42542459521880116,1.7175882703791898
-0.3596517420662919,-0.247477676127837,-0.6385239485497036,0.7199099281189323
-0.6707572199057523,1.0,0.630987686278476,4.792228618504732
-0.8120368412160441,-0.8803589744555091,0.43899131540347924,5.271662323654534
0.8202599550095022,0.711650004572765,-1.0,2.9757465711541684
-1.0,1.0,0.7393268584127655,1.4995683860068934
0.9969868939292701,1.0,0.1592452425052746,13.897633771389442
-0.14726307871863975,-1.0,1.0,-6.019567121717902
-0.36293640917997516,-0.45862199857393215,0.9584473932255151,0.20604595658274805
-0.07716949676231022,-1.0,-1.0,-16.34136470746751
0.22794372878190527,0.22520217199417125,0.8768020912485968,0.3051971234251798
-0.3668722793398831,-0.0014094145949257175,0.7457618576730933,-0.6199741485333539
-0.5451811634157366,-1.0,-0.4145764341667544,2.6620334806783905
-0.9931657470666007,0.2699742869374637,1.0,3.5150694881263034
-0.5259236741834914,-0.5280338168840724,0.8293516098869933,-0.38573104603718456
0.5350325085773848,0.773653448760464,1.0,7.275723619104
0.8910038567483336,-0.7616829214780314,-0.4748707898906106,0.4305990081113461
-1.0,0.23363025705572738,-1.0,14.820036138025467
0.912280939921081,1.0,0.3285480332736166,10.32438290373189
-0.5899993725242432,0.024815544408012036,-0.09360602970004983,-0.367705998197908
-0.36872438535637286,-0.27158256171439565,-1.0,-2.504183830326471
-0.7687378954204911,0.6246924692338076,-0.4085335864301065,-1.8112921684505416
0.5063082467772926,0.6010303427112886,-1.0,-3.268651608313716
-0.1110584529776435,0.13599758790078775,-0.48832497606758385,0.5376384323143648
-0.5097458797662291,1.0,-1.0,0.024593920815734804
-0.49218613580033166,-1.0,-0.8851573554034127,-6.850185833894425
-0.6720764181956156,0.1324115742866836,0.7276229287402092,-0.8474897964637474
0.9877536257748913,0.3132280679946071,0.44226977898164854,6.683886477425281
-0.4561477813035504,0.3800765810641462,-0.5505143008092495,-1.1154277874574814
0.1259727865040856,-0.5536396052900745,-1.0,-6.399130753523621
1.0,-1.0,0.47718883669089784,-6.702248056013183
0.01111753655274983,0.8135617544370226,0.2092435279273328,2.1961169677187518
-0.029328470692065567,0.6686332623170401,0.07511280009318999,0.7740924692625561
-0.6408629093911957,-0.971020429227651,-0.8997660092390947,-4.858141010286814
1.0,0.4388849992607511,0.6782029844711146,11.809692225995299
-0.10281130966784713,-1.0,0.9693857337282612,-7.156194379177942
-0.22626210335765795,-0.45256786596226695,-0.6147569730265225,1.2461177793902225
0.5235861419546011,-1.0,0.8280052452678008,-4.202575506847464
-0.16689898517709256,0.6085228692699782,0.7135916729323915,0.8233065121480434
-0.5441515839917477,0.21158556601499656,-0.5778429201809085,-0.7435019864687377
0.5845280897947909,-0.20851287414105446,-0.7759019874343493,1.3183093691820484
-1.0,0.02153840501641202,0.7252511039863208,-2.1632122059767944
0.5438498702078203,1.0,0.1748691618121112,7.527243906859878
0.3665077415845197,-0.7718794558097912,-0.5220502555092379,1.1671299785599274
-0.22127030248494406,0.7259108791361024,-0.3388283657222426,0.49404979816126915
-0.5387490292549835,0.7637413365677128,-1.0,-3.03932136266412
1.0,1.0,0.30883556675306045,13.205354083150832
0.34594509951519714,0.6779788534765498,1.0,4.842559617308484
-1.0,0.1031099984402506,0.6350660693021215,-3.4010125005984966
-0.670296714470745,-1.0,-1.0,-7.906795653319845
0.1137526726901612,0.5063204781155575,0.03621473638056938,0.3276348613246822
0.756791408481039,0.5023421667712078,-1.0,0.623026955189582
-0.3851729342852317,-0.591021320531927,-1.0,-4.180256380885917
-0.41470200849368655,-1.0,0.7982247286073916,-0.5726968792421828
0.4930513075522598,-0.13785238023145463,0.3324028021616008,1.6690159569881389
-0.14003260359972236,1.0,0.08684212098421473,7.012247067412594
0.9577982304879451,-0.3026441813005025,1.0,5.901881577753497
1.0,0.9994216056021321,-0.3491709027398049,17.125727259358857
-0.27862791357834604,-1.0,1.0,-5.095743737858523
-1.0,0.1209641611401624,-1.0,12.506659651006752
-1.0,0.2835106966553682,-0.45285601015799526,-2.3217283315868893
0.1636199543815,1.0,1.0,11.406620845253482
-0.002538436665911803,0.9641406708615168,1.0,11.359527216450243
0.029132847838371445,-0.3952769326988126,-0.39017390812586794,1.0494634801660678
0.3153341486893946,0.4154301469310482,1.0,2.8424350749520775
0.8507253954984499,0.07863433583486978,-0.9290966635165323,2.858179666060521
-0.45005848013018457,1.0,-0.8971777120214206,3.0546046725477156
0.962786322363504,-1.0,0.453404658774194,-6.53165135334087
-0.9666781636414954,-0.49023285264029814,-0.4871527770907418,0.18371048093611614
0.2964792609916649,1.0,-1.0,5.348372859700687
1.0,-0.47350330174977606,-0.48385269471842496,4.033856742263793
0.3132017341271338,-0.5440374820193006,0.42092581193004786,1.3012963222404612
1.0,-0.7497901502333866,-0.7411960346280397,1.7421138712574593
1.0,-1.0,-0.5711502550684748,-12.323797292385164
1.0,1.0,0.14118340454279332,13.470631243043497
-0.17059253154159415,1.0,0.16674922579776275,8.021969897695394
-0.1176273909244252,0.889720715140816,1.0,10.398309927109493
-0.4132899956959415,1.0,-0.19398745911646587,7.117719118056457
-0.3280025629158878,1.0,0.40556803404948694,6.750116167119414
0.0775016896742522,-0.8671093763307063,1.0,-4.198247683501592
1.0,0.406015156419576,-0.31310805875621606,4.202761408586045
0.34337231506771704,-1.0,1.0,-6.884502076878379
0.29094933506469967,-1.0,0.5930651206893285,-0.8634359983475712
-0.35732423921590306,-0.5376127946318483,-0.13749186775540423,0.5964658264500857
0.10233713027443314,-0.17261984673624742,0.1842071840213555,1.439657552910885
0.19201104299797755,0.9349735558533749,-0.6451054663573841,7.0803398138967655
-1.0,-1.0,-1.0,3.353557929124828
-1.0,-0.2012343563523511,-0.864442063963224,3.2881676626380223
-0.24501871553277277,-1.0,-0.011348931210903412,2.2758841798846716
-0.050005537443559955,-0.59306488022481,-0.3783690449966215,1.8163079641385096
0.6518322589059213,-0.44362684188301693,0.4273905858950311,1.9054147766690028
1.0,0.13373651051869984,0.48423003920521657,7.395084468160222
-0.847747993045179,0.3792544475668269,0.10249518683099446,-3.3179858046125523
-0.12660776006294494,-0.29035939786749987,0.05174598032327404,1.0131968408958827
-0.4892548777686938,-0.8930553749024615,0.0918907646058511,2.649564671897979
0.2619058453201115,-0.8525671405614694,0.20270725322740524,1.301437585024141
0.06502326976590722,-1.0,0.9812749805594376,-6.2398595458785096
-0.07422020824453623,-1.0,0.46281230915837157,1.5241758060279338
0.889661237037954,1.0,-0.8727358855507474,23.14157386738544
-0.6545225070842127,-0.9057312828110817,1.0,2.5061632777648355
-0.10357170886116762,0.21028211966171173,0.7892473994663805,0.26186373961127096
-0.24488002459449087,0.4792992707621695,-1.0,-3.7788337338241353
0.7800660490748859,-0.5223505140104232,0.4330423481703689,1.7576822602586337
-0.9116230239345449,1.0,1.0,16.379716104993314
0.5914606245706693,-0.1311224641182609,-0.8864051078994293,0.25997120952436975
0.43073214974865115,-1.0,-0.11219739531320871,0.9511353261981143
0.14854193197818955,-1.0,-0.305927289098209,0.4464302733281449
0.24637902896789377,1.0,1.0,10.709152332256556
1.0,-0.6339021354632499,0.5330289621261037,4.277886394263246
-1.0,-0.18011965147955933,-1.0,8.633797053424406
1.0,-1.0,1.0,-9.068002903324748
0.24157366865364094,0.26479496086645615,-0.6443152599122424,0.6477313276532969
0.6068338142375169,-1.0,0.8503734771877922,-2.76546903852565
1.0,-0.7575039677335711,-0.1268517445396824,1.3984654396532807
0.06686704018368128,-0.18519863745376441,-0.7227678286121575,0.8710495202458562
-0.9932118996573207,1.0,0.43816756138243296,1.7795360507663687
-1.0,0.05545556427826548,-0.40707794523147145,-2.916262774069753
-1.0,-0.10920864011551279,-0.414513080149328,-2.395735010903768
-0.9602877679935753,0.06820982131657805,0.38773707810672287,-3.5321930022468857
0.49077651396524447,-0.2147837843608955,0.17201983014262234,1.6879920751654949
-0.15432857965425661,0.03809611186840556,-0.47082789225788013,0.4402165833553582
0.6067997322273788,-1.0,-0.42929200671993084,-3.3659175019781786
-0.3114661428294583,-0.0068238526675055144,0.7046244755121229,-0.31773768933111235
1.0,-0.7113190271575758,0.23645198756537766,0.9782255656159691
1.0,0.8541965971074323,0.5170585257690596,12.336032543439652
0.4938268140986415,-0.09468681883547747,-0.12639997224512767,0.944957856760344
1.0,-0.5042282600545611,0.10139022532966568,4.206877082250763
-1.0,-0.3833324803651381,1.0,7.071184030607339
0.6311498807852083,0.2936060604221953,-0.8134176836514464,0.9388106989759402
0.5840035054270534,0.0989317800860463,0.5643919130933839,1.3952184790993951
0.286548309641776,0.9989001807775104,-0.09057209357377549,9.09738561664739
-0.7490153959605215,0.3051364992646235,0.31355462981324456,-1.8992106748606574
1.0,1.0,-0.454658873808248,19.26728549585652
0.9048925929110572,-0.6975835890806286,1.0,-1.0663026558136297
0.6742405327119261,-0.8327804746238192,0.2711319043977425,1.485519932036354
0.546065920671402,0.9104999963754052,-0.5820491874018117,6.8027136958095245
-1.0,-1.0,0.036687531586859334,7.731797558074295
-1.0,-0.7976989118267255,-0.08895660660581228,2.5432865154585396
0.9316729002692956,0.6445726175079793,1.0,18.702144177864547
1.0,1.0,0.4705684353715276,13.854172182779019
1.0,-1.0,-0.5355438865855429,-11.047720691039958
-0.8187495256747837,0.8840824607022886,0.9696673081134479,9.716160677173006
0.9771726893272819,0.03202759606306893,1.0,11.74968978947124
0.741188831905859,-0.1719559324061759,-0.9156200642179286,-0.2565571721778698
0.251152381814006,1.0,1.0,10.145941935495655
-0.8825581233312463,0.49602306797388707,1.0,4.964060120963923
0.020297607724637734,-0.5014951821677573,-0.04903176340997861,1.274789127459401
0.23540324777087163,-0.0694928948823812,1.0,-1.470577901399736
0.7257661690169344,-0.3641251524096476,1.0,-1.0880770604450096
-1.0,-0.2255348968358759,0.09713642918197252,-4.463782106222411
-1.0,0.11580066050646187,-0.11907832285667852,-4.302958419674496
-1.0,0.0010797953746350952,-1.0,11.291348885915037
-0.6221582577825613,-1.0,0.0195459414324215,4.308761227701084
-1.0,-1.0,-0.9985200694262752,3.1953688777225615
-0.7898838614699766,-0.48355977550483664,0.5717198448208607,1.244976962373696
-0.5785898146991642,0.4183911925173951,0.1397799321583837,-1.8512620753414557
-0.14408113851273097,0.6660842398411972,0.4297627058902671,1.7984900782913025
-0.8236199388159218,0.6386128615906854,-0.11931788185770431,-3.2019301075644746
0.42264775515482866,-0.7960404738631492,1.0,-5.158548458042332
0.7604720490534236,0.533671451937209,0.9841705667225602,8.311338565932965
-1.0,1.0,0.2756884225799674,3.8421056713701773
0.6702248239788611,-0.08259891683276921,-1.0,-2.6435631291621036
-0.1393030506736186,-0.5847825892326319,-0.2254784281576263,1.3155889569475088
-0.5097305358611521,0.5924672112293914,-0.024389133838602417,-1.0063224931709773
-0.9184846603205208,1.0,-0.290557465990136,6.654304766015551
0.19121408705952225,-0.6725300388568867,-0.3295331808030324,1.3509305528935063
0.12604324927499366,0.23152673869941887,-1.0,-3.063486780841957
-0.32008467036884114,-0.2691389197403773,-0.9149164081936598,-0.25743519338306553
-0.2898288090459422,1.0,-1.0,2.352498208078776
0.18455998800329465,-0.9260637900215509,-0.04184242285629791,2.4591247553694338
-0.4263722911739696,0.20814902239078026,-0.061681388340548926,-0.8202442443159714
1.0,-1.0,-0.9442596154926266,-24.743738588918156
-1.0,0.16989454154514716,-1.0,13.063576148850764
-0.7120807568146377,0.4840635698063158,-1.0,1.2627985858500663
-0.10948604086993052,0.7547690786398475,-0.23035659126427466,1.2656086642128395
0.07138318108226982,0.038657370955474724,0.010283319504252875,0.6069444272589896
0.012385582756658131,1.0,-0.8354734184596062,8.627349079101059
-1.0,-0.11714980913085715,1.0,4.7837434281833415
-1.0,0.5621860155788023,-1.0,17.461263370558875
0.6980490440439295,0.5134958918283037,-0.356909715763152,1.7489603735212622
0.30307468696603634,0.425547012140868,1.0,2.5250123168022656
0.19958380536175158,-1.0,0.1459859911612147,1.3936637082452945
0.04814587972264062,0.189133428376834,-0.7675591658116536,0.2352109830030637
-1.0,1.0,-0.11574413009977191,9.436428554168229
-0.0997354176412728,0.061306676871326626,-0.3775860224995651,0.9952919071308974
1.0,0.4878170594350577,0.48192245915252685,9.36881811806886
1.0,0.6728825930356834,0.30177031613394956,8.656041656931563
0.582182420178174,0.7346225834541147,-0.14216773614050382,1.6681464465620803
-1.0,-1.0,-1.0,3.2299191491001054
-0.13621352909062456,1.0,-0.3046227138164457,8.70149116780896
0.25305410307324583,-1.0,-0.6219154565112557,-3.05111532295458
-1.0,0.25230708491685205,0.8692617845655644,-1.0034330828874491
-1.0,-0.15789683127908938,-0.9265366307354965,4.390604730509193
0.3027400771576272,-0.5303086571584987,0.28002408824678504,1.3098309306729
-0.9498279279517026,-1.0,-0.5363165688302205,4.9759114437214285
0.2480690188195891,-0.347171032404451,-0.8765502681548376,-1.5223747004384183
0.9665841241909567,-0.34495656021088084,-0.9490850479901447,4.153165624841685
-1.0,-0.17231939553371411,0.7921156937817839,-0.010572335345502615
0.1646749823577316,0.13402445554542552,1.0,0.3642912719316596
-0.21730001683927536,-0.9745246075128764,1.0,-4.763811241403298
-0.3213143674777543,-0.43963245616691116,0.6854474962771766,0.44155268776345685
-0.6612828420217225,0.07759785528816887,1.0,2.003254500727965
0.4706594903127499,-0.7103308769100938,-0.7251429429064808,-0.8440464730074309
1.0,-1.0,0.6016040760087282,-7.043658939118404
1.0,1.0,-0.5416689512424067,22.461006547679496
-0.14216673641383815,-0.2900988554797952,-0.09525313930947621,0.9013122330986381
-0.17590339495874052,1.0,0.07368124621870975,7.267958897580309
-0.26253792432856327,0.24106500624029792,0.9790130133958721,1.2611732613415252
-0.4716381921043975,0.0716136597015915,0.25521711799267854,-0.812196574959795
0.37587486725654506,-1.0,-1.0,-20.852826479548106
-0.7183406856344359,0.6579064046450434,-0.4913592273866896,-1.9392938237516604
0.4428155700389984,0.5842436803792177,-0.23018296014120154,1.173336668009557
-0.5347166597493893,-0.08342661922331462,-0.5909957879513053,0.46409016525646113
-0.6734712448378424,0.6632275383401682,0.26175481015380053,-2.9391833670261356
0.7603649416461138,0.5322246578342664,1.0,9.105520544437129
0.6231866576037506,-1.0,0.15382266211079898,-1.1537111845618075
-0.4216828351206232,0.40965589987320983,-0.09695686613077203,-0.9085639208515279
-0.8284999660845047,1.0,0.8006019102977724,5.08868877973926
-1.0,-0.15626201061416878,1.0,4.5229078335025035
0.5561832345637561,0.5180025297123723,-0.09510765355727968,0.9826562146967467
0.5395400510421389,-0.2977256507526329,-1.0,-4.942347363800672
-1.0,-0.2939842024273711,0.9871127349000948,5.132163742993543
1.0,-0.786408748993833,0.027687050888001608,-0.2620483872432583
-0.28678153929656647,0.2459364800314019,-0.2991958010061673,-0.16256603132351194
-0.5020622456880521,0.507304213249679,-0.041516419859684905,-1.4770445227569289
1.0,-1.0,-0.5533307051703198,-11.38631689447002
0.5964312681396653,-0.2521264651359423,0.035938300110826216,0.9987768998751111
-0.7896366489009905,0.32819451976063974,0.296751742160847,-2.1512831942153956
-0.6831617859149535,-0.06775917263198417,0.391681787836343,-1.0135858859498978
1.0,-0.042129089110841456,0.444231524354747,6.450083363407912
1.0,0.8270970957282042,0.06725273494965878,9.194389653117993
1.0,-0.0367160988072921,1.0,11.924036143716485
0.9535088495642945,-0.813112671639274,-0.09438269883723827,0.14757178393339795
-0.8331299120359132,-0.33672884963213057,0.31274066643959797,-0.3409646597715082
0.08948733456803026,-0.5560876342832446,-1.0,-6.3419589606602
1.0,-1.0,0.20538399389460382,-8.339484918610896
0.07307744725575316,0.6472867527731467,-1.0,-3.938417507916903
-1.0,0.3586459060200837,0.1537962600360121,-4.394487085953221
0.15954051584417672,0.30305652419467344,-0.12781773703304222,0.9919495466198063
0.07345072380428896,0.7565453542967338,-0.38914119526303637,1.4834605100321223
-1.0,0.11130560576746551,1.0,3.9655343917931374
0.6202510353745492,0.22746092451712907,0.6262174064209844,1.4477062083112016
0.4326593394721179,-0.06149926016138707,0.036987520934929075,1.5210938842288784
0.5932784171062104,0.6405774794744601,0.5002207288710516,2.3739843703512213
-0.7783008647708427,0.7557439596084286,-0.7121311453624797,-0.5071003266799126
-0.2686552651408458,0.12351832825336184,0.22543290036733188,0.43824329310186405
1.0,0.1430266856024902,-1.0,9.274689378986867
0.1472865484495085,0.6767715348216532,0.17704714269800936,1.3273538686278765
0.49554402045952806,0.4053808330886832,-1.0,-1.5322427392727622
-1.0,1.0,1.0,16.962126565619396
-0.2384711177950367,0.1425288071257309,0.2523983213433332,-0.4528910592411646
0.30102213456969595,-1.0,-0.9685861978848156,-17.918873999744413
-1.0,1.0,-0.12480448199386718,10.116741555375103
0.772720038369729,-0.5898631415425024,-0.11897379671381914,1.0419408406871002
-0.7559812262334826,1.0,0.7450425642534961,5.585686031222043
0.028232882115791336,0.3132672626095587,0.3028125856230741,-0.32683329382116666
-0.24447395578999287,-0.7581091385807086,-0.7383308984046082,-0.5615174801950975
-1.0,0.2081831748972538,0.753837588560446,-2.5390401742003252
-0.05094972266992248,0.015424947676008438,-1.0,-2.953153692036899
0.6229481152121161,1.0,-1.0,10.149061720522981
-0.7448536850990071,0.9577282472779851,-1.0,1.2323519117071
0.5463388173415518,-1.0,0.9864317852759505,-6.713515925459988
-0.3550851919120461,-1.0,0.29485764883426224,3.014222773971565
-0.5192130391583907,0.934331062097205,1.0,13.526029143838603
0.0155504579548984,0.5515544918182997,0.332198017623498,0.6574370372409695
0.41020828104882345,-0.34083069949164413,0.24506832969094505,1.2290429939676728
-0.613769463510498,-0.6749577187875384,1.0,1.9631408406599578
0.7916615076810953,-1.0,0.4624237547091923,-3.2065091320144186
-0.9276165520449253,1.0,-0.6678679561967673,7.7462066276348445
0.3926988237182665,0.14286006789036376,-0.002977268530844901,2.383897841417041
0.6377769096749262,1.0,0.48139785521770584,7.920423625695912
0.18880096174144856,-0.5031850843169778,-0.07605531922162045,0.5422665540706213
1.0,-0.8555555849208016,0.8889256526885123,-1.245928716106174
-1.0,-1.0,-0.46065082308864524,5.162040262685869
1.0,-0.9856532898137575,0.5946174834787119,-5.61921019241488
-0.5479024759890934,-1.0,-1.0,-9.65905975342557
-0.3918400767198882,1.0,0.7072182687668214,8.514668137313645
-1.0,0.7202140523957714,0.1665935104548104,-2.0036172806622004
1.0,1.0,-1.0,38.60706582342372
-1.0,0.5458746446873834,-0.7647897374894654,6.176238883986692
-1.0,0.3031469625514034,0.3501244358859483,-4.273034098232344
-0.4601789585489966,0.3851557932251173,0.2980320808172727,-1.3272573198502113
0.1674163087567233,1.0,-0.27563292611963375,9.360056804597553
0.6716142102831242,0.9458987677517716,-0.7887498565838631,8.827554186588694
-0.47341357394262196,0.08252419462037319,-1.0,-0.6970019002471017
0.3252832788076294,-0.8519768983295619,1.0,-4.689091860763988
1.0,-0.43268822791606554,-0.39725516065384037,4.27941391833822
-0.4042769245915252,-0.4852401523169083,-0.8660144809587769,-1.468857726156481
-0.4741152009508176,-1.0,-0.19175610283168543,3.817413772243827
0.6278271556768329,0.5298822505003202,1.0,5.393203760351329
-1.0,-0.03266856234259241,0.8351876509914029,-0.6771993074784448
-1.0,0.7033719973565462,1.0,8.129442730244246
0.5808935489150129,-0.4634777068848681,0.8678318618432115,-0.6977024564310601
